date,catégorie,choix,pourquoi
2026-09-28,stack,Next.js 16 + React 19 + TypeScript,"Une seule base de code pour les espaces étudiant, enseignant et admin ; mobile d'abord ; stack déjà éprouvée en production sur un projet voisin"
2026-09-28,données,PostgreSQL 17 + Drizzle ORM,"Relationnel adapté au modèle classes/sessions/participations ; Drizzle retenu pour reprendre des patterns déjà validés"
2026-09-28,validation,Zod 4 côté serveur,"Toute entrée est hostile : les étudiants sont un public qui cherchera les failles"
2026-09-28,emails,Resend configuré depuis le panel super-admin,"Clé et expéditeur modifiables sans redéploiement ; clé chiffrée en base"
2026-09-28,ia,Serveur MCP via mcp-handler,"Permettre aux enseignants de générer des QCM avec leur assistant IA ; périmètre limité aux brouillons"
2026-09-28,mobile,PWA installable mais facultative,"Sur iPhone l'installation est manuelle et un QR scanné ouvre Safari : le lien doit marcher sans installation"
2026-09-28,anti-triche,Événements bruts serveur + indice de suspicion pondéré,"Un navigateur ne peut pas verrouiller un téléphone : rendre les écarts visibles et garder les données brutes pour ajuster la pondération"
2026-09-28,anti-triche,Mélange des questions par blocs et des réponses par étudiant,"Empêche la copie sur le voisin tout en respectant les questions liées"
2026-09-28,anti-triche,Code de session renouvelé toutes les 30 s,"Un lien partagé hors de la salle devient inutilisable"
2026-09-28,métier,Pas d'entrée après le démarrage ; session de rattrapage,"Garantit un départ commun ; les résultats du rattrapage rejoignent ceux de la classe"
2026-09-28,ux,Vocabulaire non accusateur côté étudiant,"Information transparente sans climat de soupçon ; « indice de suspicion » réservé aux enseignants"
2026-09-28,rôles,super-admin / admin / enseignant,"Déléguer les invitations à des collègues sans leur ouvrir les paramètres sensibles"
2026-09-28,tests,Vitest (unitaires + intégration) + Playwright,"Couverture exigée sur tout le code ; parcours complets testés au format téléphone"
2026-09-28,déploiement,Docker + Coolify en fin de projet,"Infrastructure auto-hébergée existante"
2026-09-28,licence,MIT,"Licence libre dont la seule condition est de conserver la mention de l'auteur"
2026-09-28,dépôt,Dépôt GitHub public,"Projet open source ; README, SECURITY.md et commits structurés au niveau d'un projet officiel"
